OFFER,combined
Spend $50 on a Full-Priced new Club Membership,SAMS CLUB
"Beyond Meat® Plant-Based products, spend $25",Plant-Based Meat Frozen Plant-Based Meat Packaged Meat BEYOND MEAT
Good Humor Viennetta Frozen Vanilla Cake,Frozen Desserts Dips & Salsa GOOD HUMOR
"Butterball, select varieties, spend $10 at Dillons Food Store",Nut Butters & Jam Frozen Turkey BUTTERBALL DILLONS FOOD STORE
"GATORADE® Fast Twitch®, 12-ounce 12 pack, at Amazon Storefront*",AMAZON GATORADE Sports Drinks Medicines & Treatments Meal Replacement Beverages
Emmy's Organics® Cookies OR Brownie Snaps,EMMYS POP UP Cookies
"Dr Pepper®, Regular OR Zero Sugar Strawberries and Cream 12 pack, at select retailers",Carbonated Soft Drinks Cooking & Baking DR PEPPER UNITED SUPERMARKETS
"Arnold, Brownberry, Oroweat® Small Slice bread, at Walmart",Bread Prepared Meals Bakery ARNOLD BROWNBERRY OROWEAT WALMART
Barilla® Pesto Sauce,Dry Pasta Chips Red Pasta Sauce Pesto Sauce BARILLA
"Any General Mills™ products, buy 2
Good Rewards Members Only","ANNIES HOMEGROWN GROCERY Cheese Crackers Fruit & Vegetable Snacks Dressings Cooking & Baking Refrigerated Doughs Packaged Vegetables Frozen Meals Chips Frozen Pizza & Pizza Snacks Cereal, Granola, & Toaster Pastries Bread Frozen Breakfast Cookies Soup & Broth"
Egglife Egg White Wraps at Aldi,EGGLIFE ALDI Eggs
Spend $20 at Zaxby's,ZAXBYS
Spend $10 at Subway,SUBWAY Cooking & Baking
"DOVE® Chocolate, select sizes, buy 1",DOVE CHOCOLATE Candy
Hellmann's® OR Best Foods® Garlic Aioli OR Spicy Mayonnaise,Condiments Sauces & Marinades Dressings HELLMANNS BEST FOODS
"M&M'S®, select sizes, buy 1",M&MS Candy
"GATORLYTE® OR GATORADE™ Fit Single Serve Bottle, select varieties, buy 2",GATORADE Sports Drinks Medicines & Treatments Meal Replacement Beverages
"Beyond Steak™ Plant-Based seared tips, 10 ounce at Target",Plant-Based Meat Frozen Plant-Based Meat Packaged Meat BEYOND MEAT TARGET
Red Gold Tomato Ketchup,Cooking & Baking Sauces & Marinades Condiments Dips & Salsa Drink Mixes RED GOLD
Gillette Venus ® for Pubic Hair & Skin spend $20,GILLETTE VENUS Hair Removal
Spend $140 at Shaws,SHAWS Cooking & Baking
"L'Oréal Paris Hair color, select varieties, spend $19 at Target",Hair Care LOREAL PARIS HAIR COLOR TARGET
Simply Spiked™ Lemonade 12 pack+,"Malt Beverages Hard Seltzers, Sodas, Waters, Lemonades & Teas SIMPLY SPIKED"
"Gorton's, at select retailers",SHOP RITE Frozen Seafood Jerky & Dried Meat Frozen Meals GORTONS
Shop 2 times at ACME,ACME Medicines & Treatments
"Butterball, select varieties, spend $10 at Ralphs",BUTTERBALL RALPHS Nut Butters & Jam Frozen Turkey
"Beyond Steak™ Plant-Based seared tips, 10 ounce, buy 2 at H-E-B",Plant-Based Meat Frozen Plant-Based Meat Packaged Meat H-E-B BEYOND MEAT
"Butterball, select varieties, Spend $10 at Ruler Foods",RULER FOODS BUTTERBALL Nut Butters & Jam Frozen Turkey
Spend $20 at KFC,KFC
Spend $15 at Nekter,NEKTER JUICE BAR NEKTER
Order online at Zaxbys.com,ZAXBYS
"Butterball, select varieties, spend $10 at King Soopers",KING SOOPERS BUTTERBALL Nut Butters & Jam Frozen Turkey
Order from Casey's app or Caseys.com,Cooking & Baking Frozen Pizza & Pizza Snacks CASEYS GENERAL STORE
"Tru-Ray® Premium Construction Paper, spend $10",TRURAY
"Flonase Allergy Relief, at Walmart",FLONASE Medicines & Treatments WALMART
Spend $25 at KFC,KFC
"Gorton's Air Fried Butterfly Shrimp, at Walmart",Frozen Seafood Jerky & Dried Meat Frozen Meals WALMART GORTONS
"CESAR® Wet Dog Food, spend $20",CESAR Cooking & Baking Sauces & Marinades Dog Supplies Frozen Chicken
"TWIX®, select sizes",Candy Cookies TWIX
"M&M'S® chocolate candies, select varieties",M&MS Candy
"Hidden Valley® Ranch Salad Dressing OR Secret Sauce, select varieties",HIDDEN VALLEY RANCH Dips & Salsa Sauces & Marinades Cooking & Baking
Spend $210 at Randalls,RANDALLS
"Cooked Perfect® Meatballs, at Walmart",Frozen Chicken COOKED PERFECT WALMART
Spend $25 at Casey's,Cooking & Baking Frozen Pizza & Pizza Snacks CASEYS GENERAL STORE
"Perfect Keto Barista Blend Collagen & MCTs, online at Amazon",Medicines & Treatments Nuts & Seeds AMAZON PERFECT KETO
"Creativity Street®, spend $10",CREATIVITY STREET
"Crunchmaster® Crackers, spend $4",CRUNCHMASTER Crackers Candy
"Tyson Products, select varieties, spend $20 at Sam's Club",SAMS CLUB Packaged Meat Frozen Beef BALL PARK FRANK
"L'Oréal Paris Makeup, spend $35 at Target",LOREAL PARIS COSMETICS Makeup TARGET
Spend $25 at Subway,SUBWAY Cooking & Baking
Any Vons receipt,Spirits VONS
"Chosen Foods® Mayo, select varieties",CHOSEN FOODS Cooking & Baking Dips & Salsa Dressings Condiments
"L'Oréal Paris Men Expert hair color, spend $19 at Walmart",Hair Care LOREAL PARIS HAIR COLOR WALMART
Spend $185 at Shaws,SHAWS Cooking & Baking
Spend $150 at Vons,Spirits VONS
"Wine from TheBarrelRoom.com, spend $30",ALAMOS Wine GALLO.COM
"General Mills™ products, select brands, spend $35","ANNIES HOMEGROWN GROCERY Cheese Crackers Fruit & Vegetable Snacks Dressings Cooking & Baking Refrigerated Doughs Packaged Vegetables Frozen Meals Chips Frozen Pizza & Pizza Snacks Cereal, Granola, & Toaster Pastries Bread Frozen Breakfast Cookies Soup & Broth"
"PepsiCo® Beverage, 7.5-ounce 10 pack, select varieties, at Amazon Storefront*",PEPSI AMAZON Carbonated Soft Drinks
"Sara Lee® bread, select varieties, buy 2 at Walmart®","Bread Cheese Bakery Cereal, Granola, & Toaster Pastries Frozen Desserts WALMART SARA LEE"
"Sara Lee® or Alfaros® Artesano bread, buy 5",ALFAROS Bakery Bread
"Bai® Antioxidant, 6 pack, buy 2 at Walmart",Fruit Juices Water Drink Mixes Tea WALMART BAI
Spend $5 in-store at Casey's,Cooking & Baking Frozen Pizza & Pizza Snacks CASEYS GENERAL STORE
"Reese's Chocolate Cones, 8 count at GIANT OR MARTIN’S",KLONDIKE MARTINS FOODS Frozen Desserts Frozen Meals
Spend $25 at Fresh Thyme Market,FRESH THYME MARKET
Any Albertsons receipt,ALBERTSONS Candy
Shop 2 times at Albertsons,ALBERTSONS Candy
Select beverages AND prepared food items at Casey's,Cooking & Baking Frozen Pizza & Pizza Snacks CASEYS GENERAL STORE
QUEEN V® The VIP & The Wingwoman Soft Touch Silicone Vibrator at Walmart,QUEEN V WALMART
"Back to the Roots Grow Seed Starting Pots OR Germination Trays, at Walmart or Target",Packaged Meals & Sides BACK TO THE ROOTS TARGET
"Dove Hand Wash, select varieties, buy 2 at Target",Bath & Body Deodorant & Antiperspirant Hair Care Makeup DOVE TARGET
"Frutero Ice Cream, 1 pint",Frozen Desserts Frozen Fruits FRUTERO
Red Gold Tomato Juice,Cooking & Baking Sauces & Marinades Condiments Dips & Salsa Drink Mixes RED GOLD
"Bio-Oil® Skincare Oil OR Gel, select varieties",Skin Care Cooking & Baking BIO OIL
Spend $65 at Albertsons,ALBERTSONS Candy
"Welch's®Fruit Snacks, select varieties, buy 2",Fruit & Vegetable Snacks WELCHS FRUIT SNACKS
Talenti Mini Bars,TALENTI Frozen Desserts Frozen Meals
Visit OR order online from Casey's 7 times,Cooking & Baking Frozen Pizza & Pizza Snacks CASEYS GENERAL STORE
"Simply Spiked™ Signature Peach 12-pack or larger, buy 2","Malt Beverages Hard Seltzers, Sodas, Waters, Lemonades & Teas SIMPLY SPIKED"
"Molson Coors®, select varieties, 12 pack+",Beer Makeup COORS LIGHT
"Welch's® Zero Sugar Fruity Bites, 6 pack+, online at Amazon",AMAZON Fruit & Vegetable Snacks WELCHS FRUIT SNACKS
"PepsiCo® Variety Pack, select varieties, at Amazon Storefront*",PEPSI AMAZON Carbonated Soft Drinks
Spend $100 at Vons,Spirits VONS
Spend $15 at Subway,SUBWAY Cooking & Baking
Spend $35 at Fresh Thyme Market,FRESH THYME FRESH THYME MARKET
Sign up for The Club Card or The Club+ Card full-priced membership* (New Members Only),Cooking & Baking BJS WHOLESALE
"Marinela® sweet baked goods, buy 2",Cookies Snack Cakes Candy MARINELA
"Back to the Roots Soils, select varieties and sizes, at Walmart",Packaged Meals & Sides BACK TO THE ROOTS WALMART
"Any General Mills™ products, spend $60",ANNIES HOMEGROWN
"Welch's® Fruit Snacks, select varieties, 6 count+, buy 3",Fruit & Vegetable Snacks WELCHS FRUIT SNACKS
Spend $90 at Tom Thumb,TOM THUMB
Spend $5 on single-serve prepared food items at Casey's,Cooking & Baking Frozen Pizza & Pizza Snacks CASEYS GENERAL STORE
"Coors Light®, Miller Lite® OR VIZZY™ 12 pack+","Hard Seltzers, Sodas, Waters, Lemonades & Teas Malt Beverages VIZZY"
"Cooked Perfect® Meatballs, Homestyle OR Turkey, at Walmart",Frozen Chicken COOKED PERFECT WALMART
12 Pack OR 2 Liter AND Whole Pizza Pie at Casey's,Cooking & Baking Frozen Pizza & Pizza Snacks CASEYS GENERAL STORE
"General Mills™ products, select brands, spend $7 at Convenience Stores","ANNIES HOMEGROWN GROCERY Cheese Crackers Fruit & Vegetable Snacks Dressings Cooking & Baking Refrigerated Doughs Packaged Vegetables Frozen Meals Chips Frozen Pizza & Pizza Snacks Cereal, Granola, & Toaster Pastries Bread Frozen Breakfast Cookies Soup & Broth"
Gillette Venus ® for Pubic Hair & Skin,GILLETTE VENUS Hair Removal
"Barilla® Pasta, select varieties, buy 2",Dry Pasta Chips Red Pasta Sauce Pesto Sauce BARILLA
Little Bites® Spend $10 at Walmart®,Snack Cakes Cookies Wine Bakery ENTENMANNS WALMART
Envy Apples pre-packed bags,Sauces & Marinades Candy ENVY
Shop 2 times at Tom Thumb,TOM THUMB
"Ben & Jerry's Frozen Creme Brulee Non Dairy Dessert, 16 ounce",BEN AND JERRYS Frozen Desserts
"Purex® laundry detergent, select varieties, at Walmart",PUREX Laundry Supplies WALMART
Whole Pizza at Casey's,Cooking & Baking Frozen Pizza & Pizza Snacks CASEYS GENERAL STORE
Shop 2 times at Safeway,SAFEWAY Candy
"Any General Mills™ products, spend $30",ANNIES HOMEGROWN
"Ben & Jerry's® Doggie Desserts, 4 count",BEN AND JERRYS Frozen Desserts
Sol® 6 pack+,Beer SOL CERVEZA
"George's Farmers Market Chicken Wings, at Sam's Club",SAMS CLUB GEORGES FARMERS MARKET
"Michael Angelo's® OR Rao's® Frozen Entrees, spend $10",RAO'S Sauces & Marinades Dry Pasta Frozen Meals Alfredo & White Pasta Sauce Red Pasta Sauce Pasta & Noodles Frozen Pizza & Pizza Snacks
"Sargento Sliced Cheese, spend $25",SARGENTO Cheese
"Sargento Sliced Cheese, spend $12",SARGENTO Cheese
Country Crock® Plant Based Butter at Walmart,COUNTRY CROCK PLANT BUTTER WALMART Nut Butters & Jam
"Perfect Keto Beauty + Sleep Collagen, online at Amazon",Medicines & Treatments Nuts & Seeds AMAZON PERFECT KETO
"DOVE® chocolate, select varieties",DOVE CHOCOLATE Candy
Simply Spiked™ 12 pack+,"Malt Beverages Hard Seltzers, Sodas, Waters, Lemonades & Teas SIMPLY SPIKED"
"Perfect Keto Bars, online at Amazon",Medicines & Treatments Nuts & Seeds AMAZON PERFECT KETO
"Gillette Venus ® for Pubic Hair & Skin, spend $20",GILLETTE VENUS Hair Removal
AleveX™ at Walmart,Medicines & Treatments WALMART ALEVE
"Envy Apples, pre-packed bags",Sauces & Marinades Candy ENVY
"Ben & Jerry's Frozen Sugar Cookie Dough Chunks, 8 ounce",BEN AND JERRYS Frozen Desserts
"L’Oréal Paris Men Expert hair color, spend $9 at Walmart",Hair Care LOREAL PARIS HAIR COLOR WALMART
"Reese's Peanut Butter Bar, 6 count, at GIANT OR MARTIN’S",Frozen Desserts Dips & Salsa GOOD HUMOR THE GIANT CO
"Magnum Non-Dairy Hazelnut Crunch Ice Cream Bars, 3 count",MAGNUM ICE CREAM Frozen Desserts
"Butterball, select varieties, spend $10 at Fred Meyer",FRED MEYER BUTTERBALL Nut Butters & Jam Frozen Turkey
"Thomas'® Bagel Thins®, buy 2",Bread Frozen Breakfast Bakery THOMAS
Spend $60 at TGI Friday's,TGI FRIDAYS Spirits Malt Beverages
"Artesano® buns, buy 2 at Walmart®",SARA LEE ARTESANO Bakery Bread WALMART
"STARBURST®, select sizes, buy 1",STARBURST Candy Fruit & Vegetable Snacks Gum
Fresh Step® Outstretch® Cat Litter,FRESH STEP Medicines & Treatments Bakery Makeup Bath & Body Cooking & Baking Hair Care
"Sara Lee® or Alfaros® Artesano bread, spend $8",ALFAROS Bakery Bread
"Back to the Roots Dry Plant Food, 5 pounds, at The Home Depot",THE HOME DEPOT Packaged Meals & Sides BACK TO THE ROOTS
"Burt's Bees Sensitive Lotions and Creams, select varieties, at Walmart",Makeup Skin Care Hair Removal BURTS BEES WALMART
"Durex® Massage & Play 2 in 1 Pleasure Gel, select varieties, at Walmart or Target",DUREX Medicines & Treatments Sexual Health TARGET
"Coors Light®, Miller Lite® OR VIZZY™ 12 packs+, buy 4","Hard Seltzers, Sodas, Waters, Lemonades & Teas Malt Beverages VIZZY"
LIFE SAVERS®,LIFESAVERS Candy
"Butterball, select varieties, spend $10 at Kroger",BUTTERBALL KROGER Nut Butters & Jam Frozen Turkey
"RESPAWN® by 5® GUM, at Walmart",5 GUM Gum WALMART
"Back to the Roots Garden Soil, 1 cubic foot, at Lowe's Home Improvement",LOWES HOME IMPROVEMENT Packaged Meals & Sides BACK TO THE ROOTS
"SiO® Beauty Patches, online at Siobeauty.com",SIO BEAUTY SIOBEAUTY.COM
Wesson® Oil Products,WESSON Cooking & Baking
"Bubbies Pickles, Sauerkraut, and Condiments at Whole Foods or Sprouts",BUBBIES SPROUTS FARMERS MARKET Prepared Meals
Michael Angelo's® Sauce at Walmart,MICHAEL ANGELO'S Frozen Meals Sauces & Marinades WALMART
Spend $155 at Pavilions,PAVILIONS Cooking & Baking
CESAR® Wet Dog Food Singles,CESAR Cooking & Baking Sauces & Marinades Dog Supplies Frozen Chicken
Spend $90 at ACME,ACME Medicines & Treatments
"Hidden Valley® Ranch Seasoning Mix Packet, 1 count",HIDDEN VALLEY RANCH Dips & Salsa Sauces & Marinades Cooking & Baking
"Sargento® products, select varieties",SARGENTO Cheese
"Welch's® Fruit Snacks, 250 count, online at Amazon",AMAZON Fruit & Vegetable Snacks WELCHS FRUIT SNACKS
"Ben & Jerry's®, select varieties",BEN AND JERRYS Frozen Desserts
Simply Spiked™ Signature Peach 12 pack+,"Malt Beverages Hard Seltzers, Sodas, Waters, Lemonades & Teas SIMPLY SPIKED"
"Beech-Nut snacks, select varieties",Crackers Fruit & Vegetable Snacks Nuts & Seeds Cookies BEECHNUT
"Sargento® products, select varieties, buy 3",SARGENTO Cheese
Spend $250 at ACME,ACME Medicines & Treatments
Wings OR Cheesy Breadsticks at Casey's,Cooking & Baking Frozen Pizza & Pizza Snacks CASEYS GENERAL STORE
"Butterball, select varieties, spend $10 at Smith's",SMITHS BUTTERBALL Nut Butters & Jam Frozen Turkey
"Perfect Keto Collagen Peptides, online at Amazon",Medicines & Treatments Nuts & Seeds AMAZON PERFECT KETO
"Perfect Keto MCT Oil Powder, online at Amazon",Medicines & Treatments Nuts & Seeds AMAZON PERFECT KETO
Hellmann's® OR Best Foods® AND Sargento® Cheese Slices,Condiments Sauces & Marinades Dressings HELLMANNS BEST FOODS
Brita® Pitcher AND Filter,BRITA Water Household Supplies
Spend $90 at Star Market,Cooking & Baking STAR MARKET
"SNICKERS®, select sizes, buy 1",Candy SNICKERS
"Kodiak® products, select varieties, spend $10","KODIAK CAKES FLAPJACK & WAFFLE MIX Cereal, Granola, & Toaster Pastries"
Bays® English Muffins,Bread BAYS
"Super Coffee, 12 ounce single serve, buy 3",Coffee SUPER COFFEE
"Sara Lee® bread select varieties, buy 2","Bread Cheese Bakery Cereal, Granola, & Toaster Pastries Frozen Desserts WALMART SARA LEE"
GOYA® Coconut Water,Cooking & Baking Packaged Vegetables Rice & Grains Sauces & Marinades Water Packaged Meat Frozen Vegetables Cookies Dry Pasta Bread Frozen Fruits Drink Mixes Soup & Broth Fruit Juices Frozen Meals Frozen Appetizers Pickled Goods Malt Beverages Dips & Salsa Deli Counter Milk Pasta & Noodles Frozen Chicken Pudding & Gelatin Carbonated Soft Drinks Frozen Seafood Nut Butters & Jam Packaged Seafood Crackers GOYA
Spend $35 at TGI Friday's,TGI FRIDAYS Spirits Malt Beverages
Spend $110 at Randalls,RANDALLS RANDALLS FOOD MARKETS
"Reese's Chocolate Cones, 8 count at GIANT OR MARTIN’S",Frozen Desserts Frozen Meals KLONDIKE GIANT FOOD
Whole Pizza Pie at Casey's,Cooking & Baking Frozen Pizza & Pizza Snacks CASEYS GENERAL STORE
Shop 2 times at Star Market,Cooking & Baking STAR MARKET
"Hidden Valley® Ranch Seasoning, select varieties",HIDDEN VALLEY RANCH Dips & Salsa Sauces & Marinades Cooking & Baking
"General Mills™ products, select varieties, spend $12","ANNIES HOMEGROWN GROCERY Cheese Crackers Fruit & Vegetable Snacks Dressings Cooking & Baking Refrigerated Doughs Packaged Vegetables Frozen Meals Chips Frozen Pizza & Pizza Snacks Cereal, Granola, & Toaster Pastries Bread Frozen Breakfast Cookies Soup & Broth"
Blue Apron Meal Kits,Cooking & Baking BLUE APRON
"Aleve® products, select varieties, 80 count+ at Walmart",Medicines & Treatments WALMART ALEVE
"Welch's® Juicefuls® Juicy Fruit Snacks, 14 count, at Target",WELCHS FRUIT SNACKS Fruit & Vegetable Snacks TARGET
"Welch's® Fruit Snacks, select varieties, 6 count+, buy 2",Fruit & Vegetable Snacks WELCHS FRUIT SNACKS
"Sign up for McAlister's Deli Rewards, tap for details",Prepared Meals Leafy Salads Tea Wine Fruit Juices Cookies Carbonated Soft Drinks Cheese Chips Water Milk Bakery Cooking & Baking Packaged Meals & Sides Pickled Goods Soup & Broth Frozen Chicken Candy Dressings Coffee Packaged Fruit & Applesauce Fruit & Vegetable Snacks Frozen Meals Sauces & Marinades Dips & Salsa Bread Pasta & Noodles Frozen Turkey MCALISTERS DELI
"Arbos Cheese Dip, 12 ounce, buy at Central Market",CENTRAL MARKET ARBOS
L'Oréal Paris Excellence Hair Color at Target,Hair Care LOREAL PARIS HAIR COLOR TARGET
"Kradle, select varieties, spend $20 at Walmart",Cooking & Baking Dog Supplies WALMART KRADLE
Frozen OR Fountain Drink at Casey's,Cooking & Baking Frozen Pizza & Pizza Snacks CASEYS GENERAL STORE
"Arnold, Brownberry, Oroweat® Keto bread, buy 2",Bread Prepared Meals Bakery ARNOLD BROWNBERRY OROWEAT
Shop 2 times at Shaw's,SHAWS Cooking & Baking
"Welch's®Fruit Snacks, spend $8",Fruit & Vegetable Snacks WELCHS FRUIT SNACKS
"Children's Astepro® Allergy, 22 count at Dollar General",DOLLAR GENERAL STORE Medicines & Treatments ASTEPRO
Spend $10 in-store at Casey's,Cooking & Baking Frozen Pizza & Pizza Snacks CASEYS GENERAL STORE
"Fresh bakery item, select varieties, at Casey's",Cooking & Baking Frozen Pizza & Pizza Snacks CASEYS GENERAL STORE
"SNICKERS® chocolate candy bar, select varieties",Candy SNICKERS
Rao's® Frozen Pizza,RAO'S Sauces & Marinades Dry Pasta Frozen Meals Alfredo & White Pasta Sauce Red Pasta Sauce Pasta & Noodles Frozen Pizza & Pizza Snacks
"GATORADE® Fast Twitch®, 12-ounce single serve, buy 2 at Kroger",FRED MEYER GATORADE Sports Drinks Medicines & Treatments Meal Replacement Beverages
"Bimbo® sweet baked goods, buy 2",Snack Cakes Bread Bakery Cookies BIMBO
Any Shaw's receipt,SHAWS Cooking & Baking
"Gorton's, at select retailers",Frozen Seafood Jerky & Dried Meat Frozen Meals STOP & SHOP GORTONS
"Butterball, select varieties, spend $10 at Food 4 Less",FOOD4LESS BUTTERBALL Nut Butters & Jam Frozen Turkey
NatuChips® Plantain Chips,Chips NATUCHIPS
"Beech-Nut pouches, buy 8",Crackers Fruit & Vegetable Snacks Nuts & Seeds Cookies BEECHNUT
Spend $45 at Zaxby's,ZAXBYS
"Back to the Roots Raised Bed Gardening Kit with Soil, Seeds and Plant Food, at Target",Packaged Meals & Sides BACK TO THE ROOTS TARGET
"Ben & Jerry's®, select varieties, spend $12",BEN AND JERRYS Frozen Desserts
Any ACME receipt,ACME Medicines & Treatments
Spend $220 at Tom Thumb,TOM THUMB
"Promised Land Dairy Milk, 52-ounce",PROMISED LAND DAIRY Milk
"Welch's® Fruit 'n Yogurt® Snacks, 18 count, at Walmart",Fruit & Vegetable Snacks WALMART WELCHS FRUIT SNACKS
Hidden Valley® Ranch Seasoning Shaker,HIDDEN VALLEY RANCH Dips & Salsa Sauces & Marinades Cooking & Baking
"CORE® Hydration, select varieties, at Walmart",Water WALMART CORE HYDRATION
When you join Costco as a Gold Star Member* (New Members Only),COSTCO
Whole pizza at Casey's,Cooking & Baking Frozen Pizza & Pizza Snacks CASEYS GENERAL STORE
Spend $40 at Farmer Boys,FARMER BOYS
"Colgate® Toothpaste AND Colgate® Toothbrush, select varieties at Walmart or Target",COLGATE TOOTHBRUSHES Oral Care TARGET
"L'Oréal Paris Hair color, select varieties, spend $25 at Target",Hair Care LOREAL PARIS HAIR COLOR TARGET
"TWIX®, select varieties",Candy Cookies TWIX
Spend $15 at KFC,KFC
Spend $275 at Vons,Spirits VONS
"EXTRA®, select varieties",EXTRA Gum
"Ben & Jerry's® Doggie Desserts, 4 ounce, buy 2",BEN AND JERRYS Frozen Desserts
"Klondike Cones, spend $10 at Walmart ",KLONDIKE WALMART Frozen Desserts Frozen Meals
"Reese's Peanut Butter Bar, 6 count, at GIANT OR MARTIN’S",Frozen Desserts Dips & Salsa GOOD HUMOR MARTINS FOODS
"Beyond Steak™ Plant-Based seared tips, 10 ounce at H-E-B",Plant-Based Meat Frozen Plant-Based Meat Packaged Meat H-E-B BEYOND MEAT
"Kradle, select products, online at Chewy.com",CHEWY Cooking & Baking Dog Supplies KRADLE
Spend $120 at Star Market,Cooking & Baking STAR MARKET
Shop 2 times at Vons,Spirits VONS
Wonderworks™ Keto* Friendly Cereal,"Cereal, Granola, & Toaster Pastries WONDERWORKS"
"MTN DEW® Kickstart, 16-ounce 12 count, select varieties, at Amazon Storefront*",AMAZON Carbonated Soft Drinks MOUNTAIN DEW
When you join Costco as an Executive Member* (New Members Only),COSTCO
"Adult Astepro® Allergy, 22 count at Dollar General",DOLLAR GENERAL STORE Medicines & Treatments ASTEPRO
Shop 2 times at Pavilions,PAVILIONS Cooking & Baking
"SKITTLES®, select varieties",Candy Fruit Juices SKITTLES
"Stubborn Soda OR Bundaberg Ginger Beer, select varieties, at Amazon Storefront*",AMAZON STUBBORN SODA Carbonated Soft Drinks
"BallPark® buns, buy 2",Bread Bakery BALL PARK POP UPS
12 Pack OR 2 Liter AND Whole Pizza at Casey's,Cooking & Baking Frozen Pizza & Pizza Snacks CASEYS GENERAL STORE
Spend $220 at Star Market,Cooking & Baking STAR MARKET
Frozen OR Fountain Drink at Casey's ,Cooking & Baking Frozen Pizza & Pizza Snacks CASEYS GENERAL STORE
Spend $45 at TGI Friday's,TGI FRIDAYS Spirits Malt Beverages
Visit OR order online from Casey's 3 times,Cooking & Baking Frozen Pizza & Pizza Snacks CASEYS GENERAL STORE
Spend $210 at Randalls,RANDALLS RANDALLS FOOD MARKETS
Visit OR order online from Casey's 5 times,Cooking & Baking Frozen Pizza & Pizza Snacks CASEYS GENERAL STORE
Any Tom Thumb receipt,TOM THUMB
"Butterball, select varieties, spend $10 at Fry's Food Store",FRYS FOOD STORE BUTTERBALL Nut Butters & Jam Frozen Turkey
"ORBIT®, select sizes, buy 1",Gum ORBIT
12 pack OR 2 liter AND Whole Pizza at Casey's,Cooking & Baking Frozen Pizza & Pizza Snacks CASEYS GENERAL STORE
"Molson Coors®, select varieties, 12 Pack+, buy 2","TOPO CHICO HARD SELTZER Hard Seltzers, Sodas, Waters, Lemonades & Teas"
"Thomas'®, select varieties, spend $10",Bread Frozen Breakfast Bakery THOMAS
"Beyond Steak™ Plant-Based seared tips, 10 ounce, buy 2 at Target",Plant-Based Meat Frozen Plant-Based Meat Packaged Meat BEYOND MEAT TARGET
Whole Pizza at Casey's ,Cooking & Baking Frozen Pizza & Pizza Snacks CASEYS GENERAL STORE
"EXTRA®, select sizes",EXTRA Gum
Gorton's at select retailers,Frozen Seafood Jerky & Dried Meat Frozen Meals STOP & SHOP GORTONS
Brita® Standard OR Elite Filters,BRITA Water Household Supplies
Spend $300 at Shaws,SHAWS Cooking & Baking
Spend $50 at Fresh Thyme Market,FRESH THYME MARKET
"Starry™ Lemon Lime Soda multipacks, at Kroger",DILLONS GROCERY Carbonated Soft Drinks STARRY
"Barilla® pasta, select varieties, buy 3",Dry Pasta Chips Red Pasta Sauce Pesto Sauce BARILLA
"Fresh Bakery Products at Casey's, select varieties",Cooking & Baking Frozen Pizza & Pizza Snacks CASEYS GENERAL STORE
"Coors Light®, Miller Lite® OR VIZZY™ 12 packs+, buy 2","Hard Seltzers, Sodas, Waters, Lemonades & Teas Malt Beverages VIZZY"
"Kradle, select varieties, online at Amazon",AMAZON Cooking & Baking Dog Supplies KRADLE
"Starry™ Lemon Lime Soda, 7.5-ounce 10 pack, at Amazon Storefront*",AMAZON STARRY Carbonated Soft Drinks
"EVOLVE® Plant-Based Protein Shake, 4 count, select varieties, at Whole Foods",Carbonated Soft Drinks Meal Replacement Beverages Frozen Turkey WHOLE FOODS MARKET EVOLVE
"Burt's Bee's® Facial Wipes, select varieties, 30 count at Walmart",Makeup Skin Care Hair Removal BURTS BEES WALMART
"Aleve® products AND AleveX™, select varieties, at Walmart",Medicines & Treatments WALMART ALEVE
"Beyond Meat® Plant-Based products, spend $15",Plant-Based Meat Frozen Plant-Based Meat Packaged Meat BEYOND MEAT
"GOYA® Adobo Seasoning, 8 ounce+",Cooking & Baking Packaged Vegetables Rice & Grains Sauces & Marinades Water Packaged Meat Frozen Vegetables Cookies Dry Pasta Bread Frozen Fruits Drink Mixes Soup & Broth Fruit Juices Frozen Meals Frozen Appetizers Pickled Goods Malt Beverages Dips & Salsa Deli Counter Milk Pasta & Noodles Frozen Chicken Pudding & Gelatin Carbonated Soft Drinks Frozen Seafood Nut Butters & Jam Packaged Seafood Crackers GOYA
"Tyson Products, select varieties, spend $15 at Walmart",Packaged Meat AIDELLS WALMART
Spend $210 at Safeway,SAFEWAY Candy
Klondike Cones at Walmart ,KLONDIKE WALMART Frozen Desserts Frozen Meals
Spend $110 at Albertsons,ALBERTSONS Candy
"Bubbies Pickles, Sauerkraut, OR Condiments at Whole Foods or Sprouts",BUBBIES SPROUTS FARMERS MARKET Prepared Meals
"Sara Lee® or Alfaros® Artesano bread, buy 2",ALFAROS Bakery Bread
"Beyond Meat® Plant-Based products, spend $20",Plant-Based Meat Frozen Plant-Based Meat Packaged Meat BEYOND MEAT
Spend $10 on Casey's branded packaged products,Cooking & Baking Frozen Pizza & Pizza Snacks CASEYS GENERAL STORE
Any Randalls receipt,RANDALLS RANDALLS FOOD MARKETS
"Arber, at Target",ARBER TARGET
"Häagen-Dazs®, 28 ounce, at GROCERY* stores",HAAGEN DAZS Frozen Desserts
Spend $130 at ACME,ACME Medicines & Treatments
"Spend $110 on a Full-Priced new Plus Membership and receive an ADDITIONAL 10,000 points",SAMS CLUB
"Butterball, select varieties, spend $10 at QFC",BUTTERBALL QFC Nut Butters & Jam Frozen Turkey
Spend $100 at Pavilions,PAVILIONS Cooking & Baking
"Glad® Trash Bags, 4 OR 8 Gallon",GLAD Household Supplies Prepared Meals Crackers Food Storage
Tostitos® Toppers™,TOSTITOS Chips Dips & Salsa Sauces & Marinades
:ratio™ KETO* Friendly Cereal OR Granola,"Yogurt Cereal, Granola, & Toaster Pastries Nuts & Seeds RATIO"
"Burt's Bees® products, select varieties, at Walmart",Makeup Skin Care Hair Removal BURTS BEES WALMART
"Bio-Oil® products, select varieties",Skin Care Cooking & Baking BIO OIL
"André® California, Champagne OR Sparkling Wines, 750mL bottle",ANDRE Wine
Spend $20 at Farmer Boys,FARMER BOYS
"Any General Mills™ products, spend $50",ANNIES HOMEGROWN
Chosen Foods® Dressings,CHOSEN FOODS Cooking & Baking Dips & Salsa Dressings Condiments
Spend $30 at Dickey's Barbecue Pit,DICKEYS BARBECUE PIT
Degree for Men OR Women Dry Spray,Deodorant & Antiperspirant DEGREE
"Coors Light®, Miller Lite® OR VIZZY™ 12 packs+, buy 3","Hard Seltzers, Sodas, Waters, Lemonades & Teas Malt Beverages VIZZY"
Back to the Roots Microgreens Grow Kit OR Seed Refill at Walmart,Packaged Meals & Sides BACK TO THE ROOTS WALMART
Spend $40 at KFC,KFC
"Bai® Antioxidant, 6 pack, at Walmart",Fruit Juices Water Drink Mixes Tea WALMART BAI
Spend $20 at Dickey's Barbecue Pit,DICKEYS BARBECUE PIT
Spend $25 at TGI Friday's,TGI FRIDAYS Spirits Malt Beverages
"L'Oréal Paris Hair color, select varieties, spend $9 at Target",Hair Care LOREAL PARIS HAIR COLOR TARGET
"Sargento Sliced Cheese, spend $18",SARGENTO Cheese
"SKITTLES®, select sizes",Candy Fruit Juices SKITTLES
"LIFESAVERS®, any size, buy 1",LIFESAVERS Candy
"L'Oréal Paris Makeup, spend $30 at Target",LOREAL PARIS COSMETICS Makeup TARGET
Spend $115 at Tom Thumb,TOM THUMB
Any Randalls receipt,RANDALLS
Spend $75 at Randalls,RANDALLS
Shop 2 times at Randalls,RANDALLS RANDALLS FOOD MARKETS
"GATORADE® Fast Twitch®, 12-ounce single serve",GATORADE Sports Drinks Medicines & Treatments Meal Replacement Beverages
Spend $10 at Nekter,NEKTER JUICE BAR NEKTER
"Brownie Brittle® Snacks, select varieties, buy 2",BROWNIE BRITTLE Bakery Cookies
Cheerios™ Oat Crunch Berry Cereal,"Cereal, Granola, & Toaster Pastries CHEERIOS"
Glad® ForceFlex Max Strength Trash Bags,GLAD Household Supplies Prepared Meals Crackers Food Storage
"GATORADE® Fast Twitch®, 12-ounce single serve, at Kroger",DILLONS GROCERY GATORADE Sports Drinks Medicines & Treatments Meal Replacement Beverages
Spend $10 at CVS,CVS Medicines & Treatments Fruit Juices Cooking & Baking Skin Care
"OxiClean™ Laundry Stain Removers, select varieties at Walmart",WALMART OXICLEAN
Country Crock® Plant Based Cream at Walmart,COUNTRY CROCK PLANT BUTTER WALMART Nut Butters & Jam
2 Pack OR 2 Liter AND Whole Pizza at Casey's,Cooking & Baking Frozen Pizza & Pizza Snacks CASEYS GENERAL STORE
Arnold® Grains Almighty,Bread Prepared Meals Bakery ARNOLD BROWNBERRY OROWEAT
"Snuggle® Liquid Fabric Softener, at Walmart",SNUGGLE WALMART Household Supplies
"Hidden Valley® Ranch Night Seasoning Mix, 1 count",HIDDEN VALLEY RANCH Dips & Salsa Sauces & Marinades Cooking & Baking
"Kradle, select varieties, at Pet Supplies Plus",PET SUPPLIES PLUS Cooking & Baking Dog Supplies KRADLE
"Back to the Roots Soils, select varieties and sizes, at Lowes",LOWES HOME IMPROVEMENT Packaged Meals & Sides BACK TO THE ROOTS
"Butterball, select varieties, spend $10 at Mariano's",BUTTERBALL MARIANOS Nut Butters & Jam Frozen Turkey
"CORE® Hydration, select varieties, buy 2 at Walmart",Water WALMART CORE HYDRATION
Spend $40 at Dickey's Barbecue Pit,DICKEYS BARBECUE PIT
"General Mills™ snacks, select brands, spend $10",BUGLES Chips
"Back to the Roots Soils, select varieties, at Walmart or Lowes",LOWES HOME IMPROVEMENT Packaged Meals & Sides BACK TO THE ROOTS
"Barilla® pasta, select varieties, buy 4",Dry Pasta Chips Red Pasta Sauce Pesto Sauce BARILLA
"GATORLYTE® OR GATORADE™ Fit Single Serve Bottle, select varieties",GATORADE Sports Drinks Medicines & Treatments Meal Replacement Beverages
"Burt's Bees® Sensitive Lotions and Creams, select varieties, at Walmart",Makeup Skin Care Hair Removal BURTS BEES WALMART
"Arber, at Walmart",ARBER WALMART
"Coors Light®, Miller Lite® OR VIZZY™ 12 packs+, buy 5","Hard Seltzers, Sodas, Waters, Lemonades & Teas Malt Beverages VIZZY"
Any Pavilions receipt,PAVILIONS Cooking & Baking
Back to the Roots Grow Kits at Walmart or The Home Depot,Packaged Meals & Sides BACK TO THE ROOTS WALMART
Any Safeway receipt,SAFEWAY Candy
"Welch's® Fruit Snacks, select varieties, 6 count+",Fruit & Vegetable Snacks WELCHS FRUIT SNACKS
Back to the Roots Grow Hydroponic Grow Kit OR Refill Bundle at Walmart,Packaged Meals & Sides BACK TO THE ROOTS WALMART
"Ben & Jerry's Wake & No Bake Cookie Dough Ice Cream, 16 ounce",BEN AND JERRYS Frozen Desserts
"ORBIT®, select varieties",Gum ORBIT
"GATORADE® Fast Twitch®, 12-ounce single serve, buy 2 at Kroger",FOOD4LESS GATORADE Sports Drinks Medicines & Treatments Meal Replacement Beverages
"Butterball, select varieties, spend $10 at Pick 'n Save OR Metro Market",Nut Butters & Jam Frozen Turkey BUTTERBALL PICK N SAVE
Hellmann's | Best Foods Vegan Dressing or Spread,Condiments Sauces & Marinades Dressings HELLMANNS BEST FOODS
"Rao's®, Pasta OR Sauce, spend $10",RAO'S Sauces & Marinades Dry Pasta Frozen Meals Alfredo & White Pasta Sauce Red Pasta Sauce Pasta & Noodles Frozen Pizza & Pizza Snacks
L'Oreal Paris True Match Foundation at Target,LOREAL PARIS COSMETICS Makeup TARGET
"Sara Lee® or Alfaros® Artesano bread, spend $20",ALFAROS Bakery Bread
Spend $220 at Albertsons,ALBERTSONS Candy
"Perfect Keto Super Reds, online at Amazon",Medicines & Treatments Nuts & Seeds AMAZON PERFECT KETO
The Rustik Oven® bread,Bread RUSTIK OVEN
Gorton's at select retailers,Frozen Seafood Jerky & Dried Meat Frozen Meals WALMART GORTONS
"Back to the Roots Seeds, at Walmart",Packaged Meals & Sides BACK TO THE ROOTS WALMART
Nature Valley™ Protein Granola,"NATURE VALLEY Nuts & Seeds Crackers Nut Butters & Jam Cookies Candy Cereal, Granola, & Toaster Pastries Dips & Salsa Trail Mix Fruit & Vegetable Snacks Chips"
Brita® Pitcher OR Dispenser,BRITA Water Household Supplies
Spend $30 at CVS,CVS Medicines & Treatments Fruit Juices Cooking & Baking Skin Care
"Back to the Roots Organic Kits and Planters, at Target",Packaged Meals & Sides BACK TO THE ROOTS TARGET
"Sir Kensington's® Condiments, buy 2",Condiments Sauces & Marinades Dressings SIR KENSINGTONS
"Perfect Keto Exogenous Ketones Powder, online at Amazon",Medicines & Treatments Nuts & Seeds AMAZON PERFECT KETO
Select Beverages AND Prepared Food Item at Casey's,Cooking & Baking Frozen Pizza & Pizza Snacks CASEYS GENERAL STORE
"Back to the Roots Potting Mix, 1 cubic foot, at Lowe's Home Improvement",LOWES HOME IMPROVEMENT Packaged Meals & Sides BACK TO THE ROOTS
"Barilla® pasta, select varieties, buy 2",Dry Pasta Chips Red Pasta Sauce Pesto Sauce BARILLA
Any Star Market receipt,Cooking & Baking STAR MARKET
"Squirrel, The Bedside Perch, online at Amazon",AMAZON SQUIRREL
"Fresh Bakery items, select varieties, at Casey's",Cooking & Baking Frozen Pizza & Pizza Snacks CASEYS GENERAL STORE
Ben & Jerry's® Churray For Churros™ Ice Cream,BEN AND JERRYS Frozen Desserts
Sir Kensington's® Condiments,Condiments Sauces & Marinades Dressings SIR KENSINGTONS
"Dove Hand Wash, select varieties at Target",Bath & Body Deodorant & Antiperspirant Hair Care Makeup DOVE TARGET
Spend $15 at Burger King,Cooking & Baking BURGER KING
Cameron’s Coffee EcoPods,Coffee CAMERON'S COFFEE
L'Oréal Paris True Match Foundation at Target,LOREAL PARIS COSMETICS Makeup TARGET
"Sara Lee® Delightful bread, buy 2","Bread Cheese Bakery Cereal, Granola, & Toaster Pastries Frozen Desserts SARA LEE"
"Welch's® Juicefuls® Juicy Fruit Snacks, buy 2",Fruit & Vegetable Snacks WELCHS FRUIT SNACKS
Spend $35 at Subway,SUBWAY Cooking & Baking
"Dixon® Safety Carpenter Pencil, 10 count, at Lowe’s®",LOWES HOME IMPROVEMENT DIXON Cooking & Baking Makeup
Spend $115 at Safeway,SAFEWAY Candy
"Breyers Reese's Ice Cream, select varieties, at GIANT OR MARTIN’S",Frozen Desserts Frozen Breads & Doughs BREYERS MARTINS FOODS
Shop 2 times at Randalls,RANDALLS
"Jack Link's®, select varieties",JACK LINKS Jerky & Dried Meat
"Persil® ProClean®, select varieties, at Walmart",PERSIL WALMART
"Back to the Roots Organic 3-In-1 Seed Starting Mix 12 quart, at Walmart or Target",Packaged Meals & Sides BACK TO THE ROOTS TARGET
"STARBURST®, select varieties",STARBURST Candy Fruit & Vegetable Snacks Gum
"Super Coffee, 12 ounce single serve",Coffee SUPER COFFEE
Spend $90 at Safeway,SAFEWAY Candy
Spend $5 on brisket mac & cheese sandwich OR other single-serve prepared food item,Cooking & Baking Frozen Pizza & Pizza Snacks CASEYS GENERAL STORE
Spend $50 at Chewy.com,CHEWY
Simply Organic Seasoning Mixes OR Spices,Cooking & Baking Sauces & Marinades SIMPLY ORGANIC
Spend $10 at KFC,KFC
Sargento Product,SARGENTO Cheese
Thomas'® Bagel Thins,Bread Frozen Breakfast Bakery THOMAS
Spend $270 at Pavilions,PAVILIONS Cooking & Baking
"Back to the Roots Soils, select varieties, at Walmart",Packaged Meals & Sides BACK TO THE ROOTS WALMART
